N_VICTIMAS,HH,COMUNA,EDAD,TIPO_DE_CALLE_AVENIDA,TIPO_DE_CALLE_CALLE,TIPO_DE_CALLE_GRAL PAZ,ACUSADO_AUTO,ACUSADO_BICICLETA,ACUSADO_CARGAS,ACUSADO_MOTO,ACUSADO_MULTIPLE,ACUSADO_OBJETO FIJO,ACUSADO_OTRO,ACUSADO_PASAJEROS,ACUSADO_TREN,SEXO_FEMENINO,SEXO_MASCULINO
1.0,4,8.0,19,1,0,0,1,0,0,0,0,0,0,0,0,0,1
1.0,1,9.0,70,0,0,1,0,0,0,0,0,0,0,1,0,0,1
1.0,7,1.0,30,1,0,0,1,0,0,0,0,0,0,0,0,0,1
1.0,0,8.0,18,1,0,0,0,0,0,0,0,0,0,0,0,0,1
1.0,5,1.0,29,1,0,0,0,0,0,0,0,0,0,1,0,0,1
1.0,18,8.0,30,1,0,0,0,0,0,0,0,1,0,0,0,0,1
1.0,19,11.0,29,0,1,0,1,0,0,0,0,0,0,0,0,0,1
1.0,15,9.0,18,0,0,1,1,0,0,0,0,0,0,0,0,0,1
1.0,1,1.0,22,1,0,0,0,0,1,0,0,0,0,0,0,0,1
1.0,11,1.0,16,1,0,0,1,0,0,0,0,0,0,0,0,0,1
1.0,5,15.0,16,1,0,0,1,0,0,0,0,0,0,0,0,1,0
1.0,22,4.0,19,1,0,0,1,0,0,0,0,0,0,0,0,1,0
1.0,16,8.0,59,1,0,0,0,0,0,1,0,0,0,0,0,0,1
1.0,9,9.0,65,0,1,0,0,0,0,0,0,0,0,1,0,1,0
1.0,16,1.0,59,0,1,0,1,0,0,0,0,0,0,0,0,0,1
1.0,23,7.0,34,1,0,0,1,0,0,0,0,0,0,0,0,0,1
1.0,6,1.0,41,1,0,0,1,0,0,0,0,0,0,0,0,0,1
1.0,4,8.0,34,0,0,1,1,0,0,0,0,0,0,0,0,0,1
1.0,7,12.0,30,0,1,0,0,0,0,0,0,1,0,0,0,0,1
1.0,9,7.0,34,1,0,0,1,0,0,0,0,0,0,0,0,0,1
1.0,10,1.0,50,1,0,0,0,0,1,0,0,0,0,0,0,0,1
1.0,17,12.0,38,1,0,0,0,0,0,0,0,0,0,1,0,0,1
1.0,12,8.0,21,0,0,1,0,0,0,0,0,0,0,1,0,0,1
1.0,12,4.0,52,1,0,0,0,0,0,0,0,0,0,1,0,0,1
1.0,6,3.0,34,1,0,0,0,0,0,0,0,0,0,1,0,0,1
1.0,0,4.0,36,0,1,0,0,0,0,0,0,0,0,1,0,0,1
1.0,11,7.0,20,1,0,0,0,0,0,1,0,0,0,0,0,0,1
1.0,8,8.0,29,0,0,1,0,0,0,0,0,0,0,1,0,0,1
1.0,1,3.0,20,1,0,0,0,0,0,0,0,0,0,1,0,0,1
2.0,11,7.0,54,1,0,0,0,0,1,0,0,0,0,0,0,0,1
2.0,11,7.0,0,1,0,0,0,0,1,0,0,0,0,0,0,0,1
1.0,18,8.0,56,1,0,0,0,0,1,0,0,0,0,0,0,1,0
1.0,19,7.0,24,1,0,0,0,0,0,0,1,0,0,0,0,0,1
1.0,10,13.0,0,0,0,1,0,0,0,0,0,0,0,0,0,0,1
1.0,5,1.0,41,0,1,0,0,0,0,0,0,0,0,1,0,0,1
1.0,17,15.0,0,1,0,0,0,0,0,0,0,0,0,1,0,1,0
1.0,0,4.0,0,0,0,0,0,0,0,0,0,0,0,0,0,0,0
1.0,9,8.0,78,1,0,0,0,0,0,0,0,0,0,1,0,0,1
1.0,4,4.0,36,1,0,0,0,0,1,0,0,0,0,0,0,0,1
1.0,20,13.0,0,0,0,0,0,0,0,0,0,0,0,0,0,0,0
1.0,9,12.0,38,1,0,0,0,0,0,0,0,0,0,1,0,0,1
1.0,21,8.0,30,0,0,0,0,0,0,1,0,0,0,0,0,0,1
1.0,20,14.0,79,1,0,0,0,0,1,0,0,0,0,0,0,0,1
1.0,4,14.0,26,1,0,0,0,0,0,0,0,1,0,0,0,0,1
1.0,14,1.0,57,0,1,0,0,0,0,1,0,0,0,0,0,1,0
1.0,16,1.0,37,0,1,0,0,0,0,0,0,0,0,1,0,0,1
1.0,18,10.0,20,1,0,0,0,0,0,0,0,0,0,1,0,0,1
1.0,14,6.0,20,1,0,0,1,0,0,0,0,0,0,0,0,0,1
1.0,17,8.0,30,1,0,0,0,0,0,0,0,0,0,1,0,1,0
1.0,22,2.0,58,1,0,0,0,0,0,0,0,0,0,1,0,0,1
1.0,3,3.0,30,1,0,0,0,0,1,0,0,0,0,0,0,0,1
1.0,15,10.0,23,0,1,0,0,0,1,0,0,0,0,0,0,0,1
1.0,6,8.0,60,0,0,1,1,0,0,0,0,0,0,0,0,0,1
1.0,23,8.0,42,0,0,0,1,0,0,0,0,0,0,0,0,0,1
1.0,16,15.0,53,1,0,0,0,0,0,0,0,0,0,1,0,1,0
1.0,21,1.0,0,1,0,0,0,0,0,0,0,0,0,1,0,1,0
1.0,23,3.0,30,1,0,0,0,0,0,1,0,0,0,0,0,0,1
1.0,17,13.0,51,1,0,0,1,0,0,0,0,0,0,0,0,1,0
1.0,6,9.0,60,0,0,1,0,0,0,0,0,0,0,0,0,0,1
1.0,7,12.0,40,1,0,0,1,0,0,0,0,0,0,0,0,0,1
1.0,18,4.0,87,1,0,0,1,0,0,0,0,0,0,0,0,0,1
1.0,20,6.0,76,1,0,0,0,0,0,1,0,0,0,0,0,1,0
1.0,22,1.0,57,0,1,0,0,0,0,0,0,0,0,1,0,0,1
1.0,22,4.0,0,1,0,0,0,0,0,0,0,0,1,0,0,0,1
1.0,16,10.0,75,1,0,0,0,0,0,0,0,0,0,1,0,0,1
1.0,0,1.0,23,0,0,0,0,0,0,0,0,1,0,0,0,0,1
1.0,15,12.0,70,0,1,0,1,0,0,0,0,0,0,0,0,1,0
1.0,6,13.0,35,0,0,0,1,0,0,0,0,0,0,0,0,0,1
1.0,22,5.0,60,1,0,0,0,0,0,0,0,0,0,1,0,0,1
1.0,11,13.0,24,0,0,1,0,0,1,0,0,0,0,0,0,0,1
1.0,3,6.0,35,1,0,0,1,0,0,0,0,0,0,0,0,0,1
1.0,6,11.0,29,1,0,0,1,0,0,0,0,0,0,0,0,0,1
1.0,7,8.0,0,0,0,0,0,0,1,0,0,0,0,0,0,0,1
1.0,18,1.0,80,0,1,0,1,0,0,0,0,0,0,0,0,0,1
1.0,16,3.0,43,1,0,0,0,0,1,0,0,0,0,0,0,1,0
1.0,16,11.0,45,0,0,1,0,0,1,0,0,0,0,0,0,0,1
1.0,23,12.0,57,0,0,1,0,0,0,0,0,1,0,0,0,0,1
1.0,19,9.0,67,0,0,1,0,0,0,0,0,0,0,0,0,0,1
1.0,23,9.0,29,1,0,0,0,0,1,0,0,0,0,0,0,0,1
1.0,21,9.0,21,1,0,0,0,0,0,0,0,0,0,1,0,0,1
1.0,0,15.0,19,1,0,0,0,0,0,0,0,0,0,1,0,0,1
1.0,21,1.0,38,1,0,0,0,0,0,0,0,0,0,1,0,0,1
1.0,8,4.0,21,0,0,0,1,0,0,0,0,0,0,0,0,0,1
1.0,5,9.0,53,0,0,0,0,0,0,0,0,1,0,0,0,1,0
1.0,20,9.0,57,1,0,0,0,0,0,0,0,0,0,0,0,0,1
1.0,9,15.0,27,0,0,0,0,0,1,0,0,0,0,0,0,0,1
1.0,4,1.0,24,0,0,0,0,0,0,0,0,1,0,0,0,0,1
1.0,16,9.0,60,1,0,0,0,0,0,0,0,0,0,1,0,1,0
1.0,11,14.0,55,0,1,0,0,0,1,0,0,0,0,0,0,1,0
1.0,11,12.0,0,0,1,0,0,0,1,0,0,0,0,0,0,0,1
1.0,20,8.0,30,1,0,0,1,0,0,0,0,0,0,0,0,0,1
1.0,15,14.0,43,1,0,0,1,0,0,0,0,0,0,0,0,0,1
1.0,3,1.0,27,0,0,0,1,0,0,0,0,0,0,0,0,0,1
1.0,6,12.0,0,1,0,0,0,0,0,0,0,0,0,0,0,1,0
1.0,7,9.0,49,1,0,0,0,0,0,0,0,0,0,1,0,0,1
1.0,9,7.0,58,1,0,0,1,0,0,0,0,0,0,0,0,1,0
1.0,15,7.0,67,1,0,0,0,0,0,0,0,0,0,1,0,0,1
1.0,12,10.0,30,0,0,0,0,0,0,1,0,0,0,0,0,0,1
2.0,22,10.0,37,0,1,0,0,0,1,0,0,0,0,0,0,0,1
2.0,22,10.0,60,0,1,0,0,0,1,0,0,0,0,0,0,0,1
1.0,10,8.0,50,1,0,0,0,0,0,0,0,0,0,1,0,0,1
1.0,11,5.0,81,1,0,0,0,0,0,0,0,0,0,1,0,1,0
1.0,12,1.0,29,0,0,0,0,0,1,0,0,0,0,0,0,0,1
1.0,19,4.0,35,0,1,0,1,0,0,0,0,0,0,0,0,0,1
1.0,2,3.0,30,1,0,0,0,0,0,0,0,0,0,1,0,0,1
1.0,0,14.0,41,1,0,0,1,0,0,0,0,0,0,0,0,0,1
1.0,5,8.0,25,1,0,0,0,0,0,0,0,1,0,0,0,0,1
1.0,5,14.0,29,1,0,0,0,0,0,0,0,0,0,0,0,0,1
1.0,0,4.0,0,0,0,0,0,0,1,0,0,0,0,0,0,0,0
1.0,0,11.0,30,1,0,0,0,0,0,1,0,0,0,0,0,0,1
1.0,20,13.0,33,1,0,0,0,0,1,0,0,0,0,0,0,1,0
1.0,23,14.0,35,1,0,0,0,0,0,1,0,0,0,0,0,1,0
1.0,2,13.0,20,1,0,0,0,0,0,0,0,0,0,1,0,0,1
1.0,23,1.0,46,1,0,0,0,0,0,0,0,0,0,1,0,0,1
1.0,4,8.0,35,1,0,0,0,0,0,0,0,0,0,0,0,0,1
1.0,12,4.0,83,1,0,0,0,0,0,0,0,0,0,1,0,0,1
1.0,20,13.0,39,1,0,0,1,0,0,0,0,0,0,0,0,0,1
1.0,20,4.0,29,1,0,0,0,0,0,0,0,0,0,1,0,1,0
1.0,21,1.0,55,1,0,0,0,0,0,0,0,0,0,1,0,0,1
1.0,22,15.0,0,1,0,0,0,0,0,1,0,0,0,0,0,0,1
1.0,18,4.0,41,1,0,0,0,0,1,0,0,0,0,0,0,0,1
1.0,20,0.0,0,0,1,0,0,0,0,0,0,0,0,0,0,0,0
1.0,21,7.0,42,1,0,0,1,0,0,0,0,0,0,0,0,0,1
1.0,15,15.0,83,1,0,0,0,0,0,1,0,0,0,0,0,1,0
1.0,14,8.0,38,0,0,1,0,0,0,1,0,0,0,0,0,0,1
1.0,16,10.0,29,0,1,0,1,0,0,0,0,0,0,0,0,1,0
1.0,19,3.0,23,1,0,0,0,0,0,0,0,0,0,1,0,0,1
1.0,6,11.0,23,1,0,0,0,0,0,1,0,0,0,0,0,0,1
1.0,7,8.0,23,1,0,0,0,0,0,0,0,0,0,0,0,0,1
1.0,5,9.0,29,0,0,0,0,0,0,0,0,1,0,0,0,0,1
1.0,7,14.0,50,1,0,0,0,0,0,0,0,0,0,1,0,0,1
1.0,5,15.0,38,1,0,0,1,0,0,0,0,0,0,0,0,0,1
1.0,7,11.0,23,0,0,1,1,0,0,0,0,0,0,0,0,0,1
1.0,6,4.0,29,1,0,0,1,0,0,0,0,0,0,0,0,0,1
1.0,8,4.0,37,1,0,0,0,0,0,0,0,0,0,1,0,0,1
1.0,10,4.0,43,1,0,0,1,0,0,0,0,0,0,0,0,0,1
1.0,15,12.0,24,1,0,0,0,0,0,0,0,0,0,1,0,0,1
1.0,17,12.0,21,0,0,1,1,0,0,0,0,0,0,0,0,0,1
1.0,19,1.0,0,0,0,0,0,0,0,1,0,0,0,0,0,0,0
1.0,8,5.0,38,1,0,0,0,0,1,0,0,0,0,0,0,0,1
1.0,19,7.0,35,1,0,0,0,0,1,0,0,0,0,0,0,0,1
1.0,0,0.0,0,0,0,0,0,0,0,0,0,0,0,0,0,0,0
1.0,8,7.0,0,0,1,0,0,1,0,0,0,0,0,0,0,1,0
1.0,1,1.0,28,1,0,0,0,0,0,0,0,0,0,1,0,0,1
1.0,4,14.0,27,0,1,0,1,0,0,0,0,0,0,0,0,1,0
1.0,16,3.0,7,0,1,0,0,0,0,0,1,0,0,0,0,1,0
1.0,1,11.0,18,1,0,0,0,0,1,0,0,0,0,0,0,0,1
1.0,3,4.0,33,1,0,0,0,0,1,0,0,0,0,0,0,0,1
1.0,17,1.0,48,0,1,0,0,0,0,0,1,0,0,0,0,0,1
1.0,0,14.0,29,0,1,0,0,0,0,0,0,0,0,1,0,0,1
1.0,13,5.0,36,0,0,0,0,0,1,0,0,0,0,0,0,0,1
1.0,16,6.0,23,1,0,0,1,0,0,0,0,0,0,0,0,0,1
1.0,2,12.0,29,0,0,1,0,0,0,0,0,1,0,0,0,1,0
1.0,14,4.0,30,0,1,0,0,0,1,0,0,0,0,0,0,0,1
1.0,7,4.0,4,1,0,0,0,0,1,0,0,0,0,0,0,0,1
1.0,8,12.0,22,1,0,0,0,0,0,0,1,0,0,0,0,1,0
1.0,15,2.0,82,1,0,0,1,0,0,0,0,0,0,0,0,0,1
1.0,5,1.0,27,0,0,0,0,0,1,0,0,0,0,0,0,0,1
1.0,8,14.0,32,1,0,0,1,0,0,0,0,0,0,0,0,0,1
1.0,7,9.0,30,0,0,1,1,0,0,0,0,0,0,0,0,0,1
1.0,5,1.0,43,0,1,0,0,0,0,0,0,0,0,1,0,0,1
1.0,20,7.0,39,1,0,0,0,0,0,0,0,0,0,1,0,0,1
1.0,17,7.0,23,1,0,0,0,0,0,0,0,0,0,0,0,0,1
2.0,5,4.0,23,1,0,0,0,0,0,0,0,1,0,0,0,1,0
2.0,5,4.0,19,1,0,0,0,0,0,0,0,1,0,0,0,0,1
1.0,21,1.0,0,1,0,0,1,0,0,0,0,0,0,0,0,0,1
1.0,9,6.0,87,1,0,0,1,0,0,0,0,0,0,0,0,0,1
1.0,2,9.0,34,0,1,0,1,0,0,0,0,0,0,0,0,0,1
1.0,8,9.0,27,1,0,0,0,0,0,0,0,0,0,1,0,1,0
1.0,1,3.0,70,0,1,0,0,0,0,0,0,1,0,0,0,0,1
1.0,5,8.0,40,0,0,1,1,0,0,0,0,0,0,0,0,1,0
1.0,7,11.0,28,0,0,1,1,0,0,0,0,0,0,0,0,0,1
1.0,7,14.0,43,0,1,0,1,0,0,0,0,0,0,0,0,0,1
3.0,5,1.0,28,1,0,0,0,0,0,0,0,1,0,0,0,0,1
3.0,5,1.0,32,1,0,0,0,0,0,0,0,1,0,0,0,0,1
3.0,5,1.0,30,1,0,0,0,0,0,0,0,1,0,0,0,0,1
2.0,18,12.0,0,0,0,1,0,0,0,0,0,0,0,1,0,1,0
2.0,18,12.0,20,0,0,1,0,0,0,0,0,0,0,1,0,0,1
1.0,3,1.0,41,1,0,0,0,0,1,0,0,0,0,0,0,0,1
1.0,19,7.0,40,1,0,0,1,0,0,0,0,0,0,0,0,1,0
1.0,9,13.0,43,1,0,0,0,0,0,0,1,0,0,0,0,0,1
1.0,23,7.0,17,0,1,0,1,0,0,0,0,0,0,0,0,0,1
1.0,9,14.0,0,0,0,1,0,0,1,0,0,0,0,0,0,0,1
1.0,6,10.0,21,0,1,0,0,0,0,0,0,1,0,0,0,0,1
1.0,6,8.0,37,1,0,0,1,0,0,0,0,0,0,0,0,0,1
1.0,18,8.0,22,1,0,0,0,0,0,0,0,0,0,1,0,0,1
2.0,11,9.0,46,0,0,0,0,0,1,0,0,0,0,0,0,0,1
2.0,11,9.0,16,0,0,0,0,0,1,0,0,0,0,0,0,0,1
1.0,3,7.0,33,0,0,0,1,0,0,0,0,0,0,0,0,0,1
1.0,3,8.0,47,0,0,1,0,0,1,0,0,0,0,0,0,1,0
1.0,20,4.0,28,0,1,0,0,0,1,0,0,0,0,0,0,0,1
1.0,21,15.0,20,1,0,0,1,0,0,0,0,0,0,0,0,1,0
1.0,8,12.0,32,1,0,0,1,0,0,0,0,0,0,0,0,0,1
1.0,23,1.0,80,1,0,0,0,0,0,1,0,0,0,0,0,0,1
1.0,9,1.0,39,0,1,0,0,0,0,0,0,0,0,1,0,1,0
1.0,7,8.0,30,1,0,0,0,0,0,0,0,1,0,0,0,0,1
1.0,13,2.0,47,1,0,0,0,0,0,1,0,0,0,0,0,0,1
1.0,16,10.0,35,1,0,0,0,0,1,0,0,0,0,0,0,0,1
1.0,10,1.0,79,1,0,0,0,0,0,0,0,0,0,1,0,1,0
1.0,5,1.0,61,0,1,0,1,0,0,0,0,0,0,0,0,0,1
1.0,16,4.0,21,1,0,0,0,0,1,0,0,0,0,0,0,0,1
1.0,18,15.0,10,1,0,0,0,0,0,0,0,0,0,1,0,0,1
1.0,2,6.0,21,1,0,0,0,0,1,0,0,0,0,0,0,0,1
1.0,19,8.0,32,1,0,0,0,0,0,0,0,1,0,0,0,0,1
1.0,14,9.0,39,0,0,1,0,0,0,0,0,0,0,0,0,0,1
1.0,13,11.0,80,0,1,0,1,0,0,0,0,0,0,0,0,0,1
1.0,23,12.0,25,1,0,0,1,0,0,0,0,0,0,0,0,0,1
1.0,9,3.0,19,1,0,0,1,0,0,0,0,0,0,0,0,0,1
1.0,12,9.0,70,0,1,0,0,0,0,0,0,0,0,0,0,0,1
1.0,22,1.0,55,1,0,0,0,0,0,1,0,0,0,0,0,0,1
1.0,14,2.0,30,1,0,0,0,0,1,0,0,0,0,0,0,1,0
1.0,23,14.0,60,0,1,0,0,0,1,0,0,0,0,0,0,1,0
1.0,16,3.0,33,0,1,0,0,0,1,0,0,0,0,0,0,0,1
1.0,10,9.0,95,1,0,0,0,0,1,0,0,0,0,0,0,1,0
1.0,22,4.0,36,1,0,0,1,0,0,0,0,0,0,0,0,0,1
1.0,0,9.0,37,1,0,0,0,0,1,0,0,0,0,0,0,0,1
1.0,12,2.0,73,1,0,0,0,0,0,0,0,0,0,1,0,1,0
1.0,14,4.0,84,1,0,0,0,0,0,0,0,0,0,1,0,0,1
1.0,7,9.0,30,1,0,0,0,0,0,1,0,0,0,0,0,1,0
1.0,10,3.0,73,0,1,0,1,0,0,0,0,0,0,0,0,1,0
1.0,22,1.0,43,1,0,0,0,0,0,0,0,0,0,1,0,0,1
1.0,12,9.0,23,0,1,0,1,0,0,0,0,0,0,0,0,0,1
1.0,5,11.0,22,0,0,1,1,0,0,0,0,0,0,0,0,0,1
1.0,13,12.0,58,0,0,1,0,0,0,0,0,0,0,0,0,0,1
1.0,22,1.0,66,0,0,0,1,0,0,0,0,0,0,0,0,0,1
1.0,16,13.0,0,0,0,0,1,0,0,0,0,0,0,0,0,0,1
1.0,8,10.0,56,0,1,0,0,0,1,0,0,0,0,0,0,1,0
1.0,8,14.0,36,1,0,0,1,0,0,0,0,0,0,0,0,0,1
1.0,19,13.0,87,1,0,0,0,0,0,0,0,0,0,1,0,0,1
1.0,12,7.0,61,0,1,0,1,0,0,0,0,0,0,0,0,1,0
1.0,19,14.0,28,1,0,0,1,0,0,0,0,0,0,0,0,0,1
1.0,7,3.0,16,0,1,0,0,0,0,0,0,1,0,0,0,1,0
1.0,10,13.0,61,1,0,0,0,0,0,0,1,0,0,0,0,1,0
1.0,1,4.0,46,1,0,0,0,0,1,0,0,0,0,0,0,0,1
1.0,9,1.0,18,1,0,0,0,0,1,0,0,0,0,0,0,1,0
1.0,19,14.0,85,0,1,0,0,0,0,0,0,0,0,1,0,1,0
1.0,11,13.0,41,1,0,0,0,0,1,0,0,0,0,0,0,0,1
2.0,4,12.0,17,0,0,1,1,0,0,0,0,0,0,0,0,0,1
2.0,4,12.0,10,0,0,1,1,0,0,0,0,0,0,0,0,0,1
1.0,21,7.0,21,1,0,0,1,0,0,0,0,0,0,0,0,0,1
1.0,14,1.0,56,1,0,0,0,0,0,0,0,0,0,1,0,0,1
1.0,18,4.0,79,0,1,0,0,0,1,0,0,0,0,0,0,1,0
2.0,9,7.0,1,0,0,0,0,0,0,0,0,1,0,0,0,0,1
2.0,9,7.0,0,0,0,0,0,0,0,0,0,1,0,0,0,0,1
1.0,6,1.0,76,1,0,0,0,0,0,0,0,0,0,1,0,1,0
1.0,2,2.0,26,1,0,0,0,0,0,0,0,1,0,0,0,0,1
1.0,18,5.0,34,1,0,0,0,1,0,0,0,0,0,0,0,0,1
1.0,22,12.0,22,0,0,1,0,0,0,0,0,1,0,0,0,0,1
1.0,7,4.0,26,1,0,0,1,0,0,0,0,0,0,0,0,1,0
1.0,15,9.0,20,0,0,0,0,0,1,0,0,0,0,0,0,0,1
1.0,1,8.0,36,1,0,0,1,0,0,0,0,0,0,0,0,1,0
1.0,14,15.0,51,0,1,0,0,0,0,0,0,0,0,1,0,0,1
1.0,6,8.0,29,1,0,0,0,0,0,0,0,1,0,0,0,0,1
2.0,6,8.0,39,1,0,0,0,0,0,0,0,1,0,0,0,0,1
2.0,6,8.0,36,1,0,0,0,0,0,0,0,1,0,0,0,0,1
1.0,7,2.0,24,1,0,0,0,0,0,1,0,0,0,0,0,0,1
1.0,12,6.0,60,0,1,0,0,0,0,0,0,0,0,1,0,1,0
1.0,19,9.0,57,0,0,0,0,0,0,0,0,0,0,1,0,0,1
1.0,5,15.0,23,1,0,0,0,0,1,0,0,0,0,0,0,0,1
1.0,14,8.0,23,1,0,0,0,0,0,0,0,0,0,1,0,0,1
1.0,18,8.0,47,1,0,0,0,0,0,0,0,0,0,1,0,1,0
1.0,12,15.0,24,1,0,0,0,0,1,0,0,0,0,0,0,0,1
1.0,8,4.0,55,1,0,0,0,0,0,0,0,0,0,1,0,0,1
1.0,11,11.0,60,1,0,0,0,0,1,0,0,0,0,0,0,1,0
1.0,10,7.0,25,1,0,0,0,0,0,0,0,1,0,0,0,0,1
1.0,22,8.0,15,1,0,0,0,0,0,0,0,1,0,0,0,1,0
1.0,23,4.0,24,0,0,0,0,0,0,0,0,0,0,1,0,0,1
1.0,19,6.0,22,1,0,0,0,0,0,0,0,0,0,1,0,1,0
1.0,21,11.0,50,0,1,0,0,0,0,0,0,0,0,1,0,0,1
1.0,6,8.0,50,0,0,1,0,0,0,0,0,1,0,0,0,1,0
1.0,17,5.0,58,0,1,0,1,0,0,0,0,0,0,0,0,0,1
1.0,11,9.0,49,0,0,1,1,0,0,0,0,0,0,0,0,0,1
1.0,10,3.0,82,1,0,0,0,0,0,0,0,0,0,1,0,1,0
1.0,12,1.0,13,1,0,0,0,0,0,0,0,0,0,1,0,0,1
1.0,1,9.0,56,1,0,0,1,0,0,0,0,0,0,0,0,0,1
1.0,2,4.0,0,0,1,0,0,0,0,0,0,0,0,1,0,0,1
1.0,17,4.0,19,0,1,0,0,0,0,0,0,0,0,1,0,0,1
2.0,2,6.0,0,1,0,0,0,0,0,0,0,0,0,1,0,0,1
2.0,2,6.0,30,1,0,0,0,0,0,0,0,0,0,1,0,0,1
1.0,9,4.0,76,1,0,0,0,0,0,0,0,0,0,1,0,0,1
1.0,21,7.0,77,1,0,0,0,0,0,1,0,0,0,0,0,0,1
1.0,9,9.0,53,0,0,1,0,0,0,0,0,0,0,1,0,0,1
1.0,21,11.0,32,0,0,1,1,0,0,0,0,0,0,0,0,0,1
1.0,4,1.0,27,1,0,0,1,0,0,0,0,0,0,0,0,0,1
1.0,13,7.0,30,1,0,0,0,0,0,1,0,0,0,0,0,1,0
1.0,15,9.0,30,1,0,0,1,0,0,0,0,0,0,0,0,1,0
1.0,22,3.0,83,1,0,0,0,0,0,1,0,0,0,0,0,0,1
1.0,16,1.0,26,0,1,0,0,0,0,0,0,0,0,1,0,1,0
1.0,10,15.0,58,1,0,0,0,0,0,0,1,0,0,0,0,1,0
1.0,9,13.0,39,1,0,0,0,0,0,0,1,0,0,0,0,0,1
1.0,22,1.0,54,1,0,0,0,0,0,0,0,0,0,1,0,0,1
1.0,21,6.0,45,0,1,0,0,0,0,0,0,0,0,1,0,1,0
1.0,2,9.0,46,0,0,0,1,0,0,0,0,0,0,0,0,0,1
1.0,17,1.0,32,1,0,0,0,0,1,0,0,0,0,0,0,1,0
1.0,2,4.0,19,1,0,0,0,0,0,1,0,0,0,0,0,0,1
1.0,5,10.0,40,0,1,0,0,0,1,0,0,0,0,0,0,0,1
1.0,10,2.0,84,1,0,0,0,0,0,0,0,0,0,1,0,0,1
1.0,13,8.0,20,0,1,0,0,0,0,0,0,0,0,1,0,0,1
1.0,8,12.0,44,1,0,0,1,0,0,0,0,0,0,0,0,0,1
1.0,20,7.0,0,1,0,0,0,0,0,1,0,0,0,0,0,0,1
2.0,1,4.0,28,1,0,0,0,0,0,0,0,0,0,1,0,0,1
2.0,1,4.0,19,1,0,0,0,0,0,0,0,0,0,1,0,0,1
1.0,10,1.0,31,1,0,0,0,0,1,0,0,0,0,0,0,0,1
1.0,4,7.0,35,1,0,0,1,0,0,0,0,0,0,0,0,0,1
1.0,7,4.0,26,0,1,0,0,0,1,0,0,0,0,0,0,0,1
1.0,12,2.0,80,1,0,0,0,0,0,0,0,0,0,1,0,1,0
1.0,22,8.0,26,0,0,0,0,0,1,0,0,0,0,0,0,0,1
1.0,10,4.0,62,1,0,0,0,0,0,0,0,0,0,1,0,1,0
1.0,0,4.0,28,1,0,0,0,0,1,0,0,0,0,0,0,0,1
1.0,6,6.0,28,0,1,0,1,0,0,0,0,0,0,0,0,0,1
1.0,23,15.0,70,1,0,0,0,0,1,0,0,0,0,0,0,0,1
1.0,22,7.0,70,1,0,0,1,0,0,0,0,0,0,0,0,0,1
2.0,4,4.0,24,1,0,0,0,0,1,0,0,0,0,0,0,0,1
2.0,4,4.0,30,1,0,0,0,0,1,0,0,0,0,0,0,0,1
1.0,23,5.0,74,0,1,0,0,0,0,1,0,0,0,0,0,1,0
1.0,15,9.0,71,1,0,0,0,0,1,0,0,0,0,0,0,0,1
1.0,18,11.0,26,1,0,0,1,0,0,0,0,0,0,0,0,0,1
1.0,1,15.0,24,1,0,0,0,0,0,1,0,0,0,0,0,0,1
1.0,10,11.0,31,1,0,0,0,0,1,0,0,0,0,0,0,0,1
1.0,13,13.0,70,1,0,0,0,0,0,0,0,0,0,1,0,0,1
1.0,7,10.0,42,1,0,0,0,0,1,0,0,0,0,0,0,1,0
1.0,18,2.0,24,1,0,0,0,0,0,0,0,0,0,1,0,0,1
1.0,16,7.0,39,1,0,0,0,0,0,0,0,0,0,1,0,1,0
1.0,23,15.0,37,1,0,0,1,0,0,0,0,0,0,0,0,0,1
1.0,18,2.0,84,1,0,0,0,0,1,0,0,0,0,0,0,0,1
2.0,17,1.0,59,1,0,0,1,0,0,0,0,0,0,0,0,1,0
2.0,17,1.0,61,1,0,0,1,0,0,0,0,0,0,0,0,0,1
1.0,22,14.0,37,0,0,0,1,0,0,0,0,0,0,0,0,0,1
1.0,11,13.0,0,0,1,0,0,0,1,0,0,0,0,0,0,1,0
1.0,13,4.0,78,1,0,0,0,0,0,0,0,0,0,1,0,1,0
1.0,18,4.0,23,0,1,0,0,0,1,0,0,0,0,0,0,0,1
1.0,6,11.0,25,1,0,0,1,0,0,0,0,0,0,0,0,0,1
1.0,9,3.0,50,1,0,0,1,0,0,0,0,0,0,0,0,1,0
1.0,7,13.0,60,1,0,0,0,0,1,0,0,0,0,0,0,0,1
1.0,3,9.0,11,0,0,1,1,0,0,0,0,0,0,0,0,0,1
1.0,19,15.0,82,1,0,0,0,0,0,0,0,0,0,1,0,0,1
1.0,10,7.0,57,1,0,0,0,0,0,0,0,0,0,1,0,0,1
1.0,19,13.0,40,0,1,0,1,0,0,0,0,0,0,0,0,1,0
1.0,18,13.0,47,1,0,0,0,0,0,0,0,0,0,1,0,1,0
1.0,21,4.0,57,0,1,0,1,0,0,0,0,0,0,0,0,1,0
1.0,20,15.0,78,1,0,0,0,0,0,0,0,0,0,1,0,0,1
1.0,2,3.0,43,0,1,0,1,0,0,0,0,0,0,0,0,0,1
1.0,11,12.0,86,0,1,0,0,1,0,0,0,0,0,0,0,1,0
1.0,7,3.0,21,1,0,0,1,0,0,0,0,0,0,0,0,0,1
1.0,13,9.0,69,1,0,0,0,0,0,0,0,0,0,1,0,1,0
1.0,3,3.0,33,0,1,0,0,0,0,0,0,0,0,1,0,0,1
1.0,6,15.0,26,1,0,0,1,0,0,0,0,0,0,0,0,0,1
1.0,6,5.0,54,1,0,0,0,0,0,0,0,0,1,0,0,0,1
1.0,12,1.0,51,1,0,0,0,0,0,0,0,0,0,1,0,0,1
1.0,11,3.0,51,0,1,0,0,0,0,1,0,0,0,0,0,0,1
1.0,1,6.0,32,0,1,0,0,0,1,0,0,0,0,0,0,0,1
1.0,21,1.0,28,1,0,0,0,0,0,0,0,0,0,1,0,1,0
1.0,1,7.0,30,1,0,0,0,0,1,0,0,0,0,0,0,0,1
1.0,17,1.0,35,0,1,0,0,0,1,0,0,0,0,0,0,0,1
1.0,11,15.0,73,1,0,0,0,0,0,0,0,0,0,1,0,0,1
1.0,16,4.0,81,1,0,0,1,0,0,0,0,0,0,0,0,1,0
1.0,9,7.0,21,1,0,0,1,0,0,0,0,0,0,0,0,0,1
1.0,21,2.0,20,1,0,0,0,0,0,0,0,0,0,1,0,0,1
1.0,15,3.0,33,0,1,0,0,0,0,0,0,0,0,1,0,0,1
1.0,17,1.0,0,1,0,0,0,0,1,0,0,0,0,0,0,0,1
1.0,13,8.0,27,0,0,0,0,0,1,0,0,0,0,0,0,0,1
1.0,15,4.0,67,1,0,0,0,0,1,0,0,0,0,0,0,1,0
1.0,6,7.0,25,1,0,0,0,0,1,0,0,0,0,0,0,0,1
1.0,7,14.0,23,1,0,0,1,0,0,0,0,0,0,0,0,0,1
1.0,9,9.0,73,0,1,0,0,0,1,0,0,0,0,0,0,0,1
1.0,23,3.0,58,0,1,0,0,0,1,0,0,0,0,0,0,0,1
1.0,6,2.0,27,0,1,0,1,0,0,0,0,0,0,0,0,0,1
1.0,7,9.0,0,0,0,1,0,0,1,0,0,0,0,0,0,0,1
1.0,22,9.0,26,1,0,0,1,0,0,0,0,0,0,0,0,0,1
1.0,6,7.0,35,1,0,0,0,0,0,0,1,0,0,0,0,0,1
1.0,15,9.0,17,1,0,0,0,0,1,0,0,0,0,0,0,1,0
1.0,5,8.0,0,0,0,1,0,0,1,0,0,0,0,0,0,0,1
1.0,7,1.0,45,1,0,0,0,0,1,0,0,0,0,0,0,0,1
2.0,18,3.0,22,1,0,0,0,0,0,0,0,0,0,1,0,1,0
2.0,18,3.0,30,1,0,0,0,0,0,0,0,0,0,1,0,0,1
1.0,21,9.0,40,1,0,0,0,0,0,0,0,0,0,1,0,0,1
1.0,19,5.0,75,1,0,0,0,0,0,0,0,0,0,1,0,0,1
1.0,16,12.0,0,0,0,1,0,0,1,0,0,0,0,0,0,0,1
1.0,17,4.0,80,1,0,0,0,0,0,0,0,0,0,1,0,0,1
1.0,10,8.0,27,1,0,0,1,0,0,0,0,0,0,0,0,0,1
1.0,18,9.0,23,0,0,0,1,0,0,0,0,0,0,0,0,1,0
1.0,8,14.0,23,1,0,0,1,0,0,0,0,0,0,0,0,0,1
1.0,8,1.0,24,0,1,0,0,0,0,0,0,0,0,1,0,0,1
1.0,5,14.0,32,0,1,0,0,0,0,0,0,0,0,1,0,0,1
1.0,0,9.0,49,1,0,0,1,0,0,0,0,0,0,0,0,1,0
1.0,22,8.0,39,0,0,0,1,0,0,0,0,0,0,0,0,0,1
1.0,10,8.0,35,1,0,0,0,0,0,0,0,0,1,0,0,1,0
2.0,5,8.0,55,0,0,1,1,0,0,0,0,0,0,0,0,0,1
2.0,5,8.0,54,0,0,1,1,0,0,0,0,0,0,0,0,0,1
1.0,14,7.0,18,1,0,0,0,0,0,0,0,0,0,1,0,0,1
1.0,10,1.0,33,1,0,0,1,0,0,0,0,0,0,0,0,1,0
1.0,0,12.0,0,0,0,1,0,0,0,0,1,0,0,0,0,0,1
1.0,0,4.0,20,0,1,0,1,0,0,0,0,0,0,0,0,0,1
1.0,17,7.0,1,1,0,0,0,0,0,1,0,0,0,0,0,0,1
1.0,8,4.0,22,0,0,0,0,0,0,1,0,0,0,0,0,0,1
1.0,18,7.0,56,1,0,0,0,0,0,0,0,0,0,1,0,1,0
1.0,22,13.0,27,1,0,0,0,0,0,1,0,0,0,0,0,0,1
1.0,14,3.0,62,1,0,0,0,0,0,0,0,0,0,1,0,1,0
1.0,14,1.0,37,1,0,0,1,0,0,0,0,0,0,0,0,0,1
1.0,22,1.0,34,1,0,0,0,0,0,0,0,0,0,1,0,0,1
1.0,3,15.0,60,1,0,0,0,0,0,1,0,0,0,0,0,0,1
1.0,12,9.0,28,0,0,0,0,0,1,0,0,0,0,0,0,0,1
1.0,9,15.0,28,0,1,0,0,0,1,0,0,0,0,0,0,1,0
1.0,11,11.0,20,0,1,0,0,0,1,0,0,0,0,0,0,0,1
1.0,2,1.0,23,1,0,0,1,0,0,0,0,0,0,0,0,0,1
1.0,12,9.0,42,0,1,0,0,0,0,0,0,0,0,1,0,0,1
1.0,10,8.0,48,0,0,1,0,0,1,0,0,0,0,0,0,0,1
1.0,8,9.0,30,1,0,0,0,0,0,1,0,0,0,0,0,0,1
1.0,14,3.0,80,1,0,0,0,0,0,1,0,0,0,0,0,1,0
1.0,22,8.0,32,1,0,0,0,0,0,0,0,0,0,0,0,1,0
1.0,13,12.0,51,1,0,0,1,0,0,0,0,0,0,0,0,1,0
1.0,16,10.0,72,1,0,0,0,0,0,0,0,0,0,1,0,1,0
1.0,1,8.0,33,0,0,0,1,0,0,0,0,0,0,0,0,0,1
1.0,3,9.0,25,0,0,1,0,0,0,0,0,0,0,0,0,0,1
1.0,19,9.0,44,0,0,0,0,0,1,0,0,0,0,0,0,0,1
1.0,21,4.0,29,1,0,0,0,0,0,0,0,0,0,1,0,0,1
1.0,12,9.0,27,0,0,1,1,0,0,0,0,0,0,0,0,0,1
1.0,9,12.0,29,0,0,1,0,0,0,1,0,0,0,0,0,0,1
2.0,4,9.0,49,0,0,1,0,0,0,0,0,0,0,1,0,0,1
2.0,4,9.0,39,0,0,1,0,0,0,0,0,0,0,1,0,1,0
1.0,4,15.0,37,1,0,0,0,0,0,0,0,0,0,1,0,0,1
1.0,3,10.0,0,1,0,0,0,0,0,0,0,0,0,1,0,0,1
1.0,19,1.0,29,1,0,0,0,0,1,0,0,0,0,0,0,0,1
1.0,8,2.0,70,0,0,0,0,0,1,0,0,0,0,0,0,0,1
1.0,14,7.0,60,1,0,0,0,0,1,0,0,0,0,0,0,1,0
1.0,21,7.0,56,1,0,0,0,0,0,1,0,0,0,0,0,0,1
1.0,14,1.0,80,1,0,0,0,0,0,0,0,0,0,1,0,0,1
1.0,15,7.0,70,1,0,0,0,0,0,0,0,0,0,1,0,1,0
1.0,20,1.0,29,0,1,0,0,0,0,0,0,0,0,1,0,0,1
1.0,9,10.0,79,0,1,0,0,0,0,0,0,0,0,1,0,1,0
1.0,6,7.0,28,0,1,0,0,0,0,1,0,0,0,0,0,0,1
1.0,8,1.0,78,0,1,0,1,0,0,0,0,0,0,0,0,0,1
1.0,17,5.0,75,1,0,0,0,0,0,1,0,0,0,0,0,0,1
1.0,13,12.0,32,0,0,1,0,0,0,0,0,0,0,1,0,0,1
1.0,5,10.0,22,1,0,0,1,0,0,0,0,0,0,0,0,0,1
1.0,8,2.0,25,1,0,0,0,0,1,0,0,0,0,0,0,0,1
1.0,4,7.0,32,1,0,0,0,0,1,0,0,0,0,0,0,0,1
1.0,8,15.0,23,1,0,0,1,0,0,0,0,0,0,0,0,0,1
1.0,19,9.0,71,1,0,0,0,0,0,0,0,0,0,1,0,0,1
1.0,12,10.0,43,1,0,0,0,0,1,0,0,0,0,0,0,0,1
1.0,5,14.0,12,1,0,0,1,0,0,0,0,0,0,0,0,1,0
1.0,19,5.0,35,0,1,0,1,0,0,0,0,0,0,0,0,0,1
1.0,22,8.0,42,0,0,1,0,0,0,0,1,0,0,0,0,0,1
1.0,14,1.0,34,1,0,0,1,0,0,0,0,0,0,0,0,0,1
2.0,7,14.0,0,1,0,0,1,0,0,0,0,0,0,0,0,0,1
2.0,7,14.0,59,1,0,0,1,0,0,0,0,0,0,0,0,0,1
1.0,1,9.0,0,0,0,1,1,0,0,0,0,0,0,0,0,0,1
1.0,3,8.0,31,1,0,0,1,0,0,0,0,0,0,0,0,0,1
1.0,7,7.0,39,0,1,0,1,0,0,0,0,0,0,0,0,0,1
1.0,17,11.0,69,0,1,0,0,0,0,0,0,1,0,0,0,0,1
1.0,6,11.0,21,1,0,0,0,0,0,0,0,1,0,0,0,0,1
1.0,2,4.0,40,0,1,0,0,0,0,0,0,0,0,1,0,0,1
1.0,7,3.0,22,0,1,0,0,0,0,0,0,0,0,1,0,0,1
1.0,23,13.0,29,0,0,0,1,0,0,0,0,0,0,0,0,1,0
1.0,12,13.0,0,1,0,0,1,0,0,0,0,0,0,0,0,0,1
1.0,21,5.0,43,1,0,0,1,0,0,0,0,0,0,0,0,0,1
1.0,22,7.0,23,1,0,0,1,0,0,0,0,0,0,0,0,0,1
1.0,0,1.0,0,1,0,0,0,0,0,0,0,0,0,0,0,0,1
1.0,8,9.0,34,0,0,1,0,0,0,0,0,1,0,0,0,0,1
1.0,7,1.0,32,1,0,0,0,0,1,0,0,0,0,0,0,0,1
1.0,13,5.0,27,0,1,0,1,0,0,0,0,0,0,0,0,0,1
1.0,7,8.0,0,1,0,0,0,0,0,0,0,0,0,1,0,0,1
1.0,11,2.0,37,1,0,0,0,0,0,0,1,0,0,0,0,0,1
1.0,9,11.0,0,1,0,0,0,0,0,0,0,0,0,1,0,1,0
1.0,10,8.0,27,1,0,0,0,0,0,0,0,1,0,0,0,0,1
1.0,16,7.0,25,0,1,0,0,0,1,0,0,0,0,0,0,0,1
1.0,19,1.0,20,1,0,0,0,0,1,0,0,0,0,0,0,0,1
1.0,11,11.0,83,1,0,0,1,0,0,0,0,0,0,0,0,1,0
1.0,1,1.0,25,0,0,0,0,0,0,0,0,0,0,0,0,0,1
1.0,9,7.0,0,1,0,0,0,0,0,0,0,1,0,0,0,0,1
1.0,14,1.0,75,0,1,0,0,1,0,0,0,0,0,0,0,1,0
1.0,22,6.0,34,0,1,0,1,0,0,0,0,0,0,0,0,0,1
1.0,23,3.0,17,1,0,0,1,0,0,0,0,0,0,0,0,0,1
1.0,14,13.0,42,1,0,0,0,0,0,1,0,0,0,0,0,1,0
1.0,3,7.0,28,1,0,0,1,0,0,0,0,0,0,0,0,0,1
1.0,12,7.0,44,0,1,0,0,0,0,0,0,0,0,0,0,0,1
1.0,20,9.0,78,1,0,0,0,0,0,0,1,0,0,0,0,1,0
1.0,15,1.0,39,0,1,0,0,0,0,0,0,0,0,1,0,0,1
1.0,9,1.0,0,1,0,0,0,0,1,0,0,0,0,0,0,1,0
1.0,12,5.0,77,1,0,0,0,0,0,1,0,0,0,0,0,1,0
1.0,7,14.0,33,1,0,0,0,0,1,0,0,0,0,0,0,0,1
1.0,9,13.0,26,0,0,1,1,0,0,0,0,0,0,0,0,1,0
1.0,10,4.0,76,1,0,0,0,0,1,0,0,0,0,0,0,0,1
1.0,7,6.0,32,1,0,0,0,0,1,0,0,0,0,0,0,0,1
1.0,9,13.0,72,0,1,0,0,0,1,0,0,0,0,0,0,1,0
1.0,23,14.0,21,1,0,0,0,0,1,0,0,0,0,0,0,0,1
1.0,10,4.0,41,0,1,0,1,0,0,0,0,0,0,0,0,0,1
1.0,17,8.0,49,1,0,0,1,0,0,0,0,0,0,0,0,0,1
1.0,3,15.0,21,0,1,0,0,0,0,0,0,1,0,0,0,0,1
1.0,19,1.0,47,1,0,0,0,0,0,0,0,0,0,1,0,0,1
1.0,17,7.0,75,1,0,0,1,0,0,0,0,0,0,0,0,1,0
1.0,19,13.0,63,0,1,0,1,0,0,0,0,0,0,0,0,1,0
1.0,9,10.0,39,0,0,0,0,0,0,0,0,0,0,1,0,0,1
1.0,22,1.0,30,0,1,0,0,0,0,0,0,0,0,1,0,0,1
1.0,11,10.0,78,1,0,0,1,0,0,0,0,0,0,0,0,1,0
1.0,18,13.0,58,0,1,0,0,0,0,0,0,0,0,1,0,1,0
1.0,23,13.0,60,1,0,0,0,0,0,0,0,0,0,1,0,1,0
1.0,1,15.0,0,1,0,0,0,0,0,0,0,0,0,1,0,0,1
1.0,3,7.0,20,1,0,0,1,0,0,0,0,0,0,0,0,0,1
1.0,16,4.0,55,0,1,0,0,0,0,0,0,0,0,1,0,1,0
1.0,21,7.0,40,1,0,0,1,0,0,0,0,0,0,0,0,0,1
1.0,15,10.0,35,0,1,0,0,0,1,0,0,0,0,0,0,0,1
1.0,17,8.0,53,1,0,0,0,0,0,1,0,0,0,0,0,0,1
1.0,5,4.0,43,1,0,0,1,0,0,0,0,0,0,0,0,0,1
1.0,12,14.0,25,1,0,0,0,1,0,0,0,0,0,0,0,0,1
1.0,11,9.0,0,1,0,0,0,0,1,0,0,0,0,0,0,0,1
1.0,6,10.0,22,1,0,0,1,0,0,0,0,0,0,0,0,0,1
1.0,1,15.0,29,1,0,0,0,0,0,0,0,1,0,0,0,0,1
1.0,9,13.0,35,0,0,0,0,0,1,0,0,0,0,0,0,0,1
1.0,23,4.0,31,0,1,0,0,0,0,0,0,0,0,1,0,0,1
1.0,18,4.0,29,0,0,0,0,0,1,0,0,0,0,0,0,1,0
1.0,3,14.0,28,1,0,0,1,0,0,0,0,0,0,0,0,1,0
1.0,8,4.0,72,1,0,0,0,0,1,0,0,0,0,0,0,1,0
1.0,5,5.0,57,0,1,0,0,0,0,0,0,0,0,1,0,0,1
1.0,18,13.0,76,0,0,1,0,0,0,1,0,0,0,0,0,0,1
1.0,16,15.0,67,1,0,0,0,0,0,0,0,0,0,1,0,0,1
1.0,7,8.0,47,1,0,0,0,0,1,0,0,0,0,0,0,0,1
1.0,8,9.0,73,0,1,0,1,0,0,0,0,0,0,0,0,0,1
1.0,11,7.0,40,0,1,0,0,0,1,0,0,0,0,0,0,1,0
1.0,22,10.0,20,0,1,0,0,0,0,0,0,0,0,0,1,0,1
1.0,14,15.0,29,1,0,0,0,0,0,0,0,0,0,1,0,0,1
1.0,21,12.0,41,1,0,0,0,0,0,1,0,0,0,0,0,0,1
1.0,20,4.0,27,1,0,0,0,0,0,0,0,0,0,1,0,0,1
1.0,15,4.0,92,1,0,0,0,0,1,0,0,0,0,0,0,1,0
1.0,18,9.0,67,1,0,0,0,0,0,1,0,0,0,0,0,0,1
1.0,20,15.0,35,1,0,0,0,0,0,0,0,0,0,1,0,0,1
1.0,10,4.0,37,0,1,0,0,0,0,0,0,0,0,1,0,0,1
1.0,11,11.0,16,1,0,0,0,0,0,0,0,0,1,0,0,0,1
1.0,14,15.0,0,0,1,0,0,0,0,0,0,0,1,0,0,1,0
1.0,15,1.0,0,0,0,0,0,0,1,0,0,0,0,0,0,0,1
1.0,19,1.0,73,1,0,0,0,0,0,0,0,0,0,1,0,0,1
1.0,8,9.0,23,0,0,0,0,0,0,0,1,0,0,0,0,1,0
1.0,14,15.0,61,1,0,0,0,0,0,0,0,0,0,1,0,1,0
1.0,17,12.0,38,1,0,0,1,0,0,0,0,0,0,0,0,0,1
1.0,4,4.0,25,1,0,0,0,0,0,1,0,0,0,0,0,0,1
1.0,14,9.0,18,0,1,0,1,0,0,0,0,0,0,0,0,0,1
1.0,0,11.0,24,0,0,1,0,0,0,1,0,0,0,0,0,0,1
1.0,4,10.0,23,1,0,0,1,0,0,0,0,0,0,0,0,1,0
1.0,11,10.0,82,1,0,0,1,0,0,0,0,0,0,0,0,1,0
1.0,10,15.0,87,0,1,0,1,0,0,0,0,0,0,0,0,1,0
1.0,20,7.0,36,1,0,0,0,0,0,0,0,1,0,0,0,0,1
1.0,6,3.0,44,1,0,0,1,0,0,0,0,0,0,0,0,0,1
1.0,21,1.0,82,1,0,0,0,0,0,0,0,0,0,1,0,0,1
1.0,6,3.0,25,1,0,0,0,0,0,0,0,0,0,1,0,0,1
1.0,12,8.0,23,1,0,0,0,0,1,0,0,0,0,0,0,0,1
1.0,0,1.0,52,0,1,0,0,0,0,1,0,0,0,0,0,0,1
1.0,7,2.0,49,1,0,0,0,0,1,0,0,0,0,0,0,0,1
1.0,14,5.0,48,0,1,0,1,0,0,0,0,0,0,0,0,0,1
1.0,5,1.0,0,1,0,0,0,0,0,0,0,1,0,0,0,0,1
1.0,11,5.0,31,0,1,0,0,0,1,0,0,0,0,0,0,0,1
1.0,21,3.0,66,0,1,0,0,0,0,1,0,0,0,0,0,1,0
1.0,12,15.0,58,1,0,0,0,0,0,1,0,0,0,0,0,1,0
1.0,2,11.0,0,0,1,0,0,0,0,0,0,0,0,1,0,0,1
1.0,14,1.0,29,1,0,0,0,0,0,0,0,0,0,1,0,0,1
1.0,13,1.0,68,1,0,0,0,0,0,0,0,0,0,1,0,0,1
1.0,23,3.0,0,1,0,0,1,0,0,0,0,0,0,0,0,0,1
1.0,14,13.0,31,1,0,0,0,0,0,0,0,1,0,0,0,0,1
1.0,21,5.0,80,0,1,0,1,0,0,0,0,0,0,0,0,1,0
1.0,17,3.0,74,1,0,0,0,0,0,1,0,0,0,0,0,1,0
1.0,16,2.0,87,0,1,0,1,0,0,0,0,0,0,0,0,1,0
1.0,6,9.0,44,0,0,0,0,0,1,0,0,0,0,0,0,0,1
1.0,18,4.0,44,1,0,0,0,0,1,0,0,0,0,0,0,0,1
1.0,7,9.0,53,0,1,0,1,0,0,0,0,0,0,0,0,0,1
1.0,5,3.0,0,1,0,0,1,0,0,0,0,0,0,0,0,0,1
1.0,6,14.0,28,0,0,0,0,0,0,0,0,1,0,0,0,0,1
1.0,8,8.0,76,1,0,0,0,0,1,0,0,0,0,0,0,0,1
1.0,10,15.0,91,1,0,0,0,0,0,0,0,0,0,1,0,0,1
1.0,14,9.0,80,0,0,1,0,0,0,0,0,0,0,1,0,0,1
1.0,15,6.0,40,1,0,0,0,0,0,0,1,0,0,0,0,0,1
1.0,8,9.0,29,1,0,0,0,0,1,0,0,0,0,0,0,0,1
1.0,23,15.0,21,1,0,0,1,0,0,0,0,0,0,0,0,0,1
1.0,6,13.0,32,0,0,1,0,0,0,0,0,1,0,0,0,0,1
1.0,3,3.0,0,0,1,0,1,0,0,0,0,0,0,0,0,1,0
1.0,5,7.0,40,0,0,0,0,0,0,0,0,0,0,1,0,0,1
1.0,18,14.0,72,1,0,0,0,0,0,1,0,0,0,0,0,0,1
1.0,4,8.0,38,1,0,0,1,0,0,0,0,0,0,0,0,0,1
2.0,4,14.0,46,1,0,0,1,0,0,0,0,0,0,0,0,0,1
2.0,4,14.0,64,1,0,0,1,0,0,0,0,0,0,0,0,0,1
1.0,19,9.0,44,0,1,0,0,0,1,0,0,0,0,0,0,0,1
1.0,3,2.0,0,1,0,0,0,0,0,0,0,1,0,0,0,0,1
1.0,1,7.0,34,1,0,0,0,0,0,0,0,0,0,1,0,0,1
1.0,17,8.0,53,1,0,0,0,0,0,0,0,0,0,1,0,1,0
1.0,17,1.0,64,1,0,0,0,0,0,0,0,0,0,1,0,0,1
1.0,0,6.0,43,1,0,0,1,0,0,0,0,0,0,0,0,0,1
1.0,3,8.0,50,0,0,1,0,0,1,0,0,0,0,0,0,0,1
1.0,21,11.0,41,1,0,0,0,0,0,1,0,0,0,0,0,0,1
1.0,14,9.0,15,0,0,0,0,0,1,0,0,0,0,0,0,0,1
1.0,20,15.0,41,1,0,0,0,0,0,0,0,1,0,0,0,0,1
1.0,20,1.0,36,1,0,0,1,0,0,0,0,0,0,0,0,0,1
1.0,22,14.0,28,1,0,0,0,0,0,1,0,0,0,0,0,1,0
1.0,0,10.0,49,1,0,0,1,0,0,0,0,0,0,0,0,0,1
1.0,6,3.0,44,1,0,0,0,0,1,0,0,0,0,0,0,0,1
1.0,3,4.0,27,1,0,0,1,0,0,0,0,0,0,0,0,0,1
1.0,9,4.0,59,0,1,0,1,0,0,0,0,0,0,0,0,0,1
1.0,12,12.0,91,1,0,0,0,0,1,0,0,0,0,0,0,0,1
1.0,13,8.0,34,0,0,1,0,0,1,0,0,0,0,0,0,1,0
1.0,7,11.0,84,1,0,0,1,0,0,0,0,0,0,0,0,0,1
1.0,16,10.0,57,1,0,0,1,0,0,0,0,0,0,0,0,0,1
1.0,6,1.0,49,0,1,0,0,0,0,0,0,0,0,1,0,1,0
1.0,20,9.0,69,1,0,0,0,0,0,1,0,0,0,0,0,1,0
1.0,14,13.0,45,0,0,0,0,0,1,0,0,0,0,0,0,0,1
1.0,17,3.0,47,0,1,0,0,0,0,0,0,0,0,1,0,0,1
2.0,7,11.0,38,0,1,0,0,0,0,1,0,0,0,0,0,0,1
2.0,7,11.0,21,0,1,0,0,0,0,1,0,0,0,0,0,0,1
1.0,16,12.0,24,0,0,1,1,0,0,0,0,0,0,0,0,0,1
1.0,4,10.0,27,0,0,0,0,0,0,0,0,1,0,0,0,0,1
1.0,22,4.0,51,1,0,0,0,0,0,0,0,0,0,1,0,0,1
1.0,20,2.0,71,1,0,0,1,0,0,0,0,0,0,0,0,0,1
1.0,5,1.0,25,1,0,0,0,0,0,0,0,0,0,1,0,0,1
1.0,15,2.0,81,1,0,0,0,0,0,0,0,0,0,1,0,1,0
1.0,23,7.0,4,1,0,0,1,0,0,0,0,0,0,0,0,0,1
1.0,3,3.0,42,1,0,0,1,0,0,0,0,0,0,0,0,0,1
1.0,7,8.0,56,1,0,0,0,0,0,0,0,1,0,0,0,0,1
1.0,21,7.0,39,1,0,0,1,0,0,0,0,0,0,0,0,0,1
1.0,14,1.0,23,1,0,0,0,0,0,0,0,0,0,1,0,0,1
1.0,12,10.0,78,1,0,0,0,0,0,0,0,0,0,1,0,1,0
2.0,6,15.0,30,1,0,0,1,0,0,0,0,0,0,0,0,1,0
2.0,6,15.0,24,1,0,0,1,0,0,0,0,0,0,0,0,1,0
1.0,5,7.0,26,0,1,0,0,0,0,0,0,0,0,1,0,0,1
1.0,4,12.0,28,0,0,1,0,0,0,0,0,1,0,0,0,0,1
1.0,18,1.0,36,0,0,0,1,0,0,0,0,0,0,0,0,0,1
1.0,10,9.0,47,1,0,0,0,0,1,0,0,0,0,0,0,1,0
1.0,7,7.0,27,0,0,0,0,0,0,0,0,1,0,0,0,0,1
1.0,9,5.0,61,1,0,0,0,0,1,0,0,0,0,0,0,1,0
1.0,21,9.0,73,1,0,0,1,0,0,0,0,0,0,0,0,0,1
1.0,21,14.0,23,0,0,0,0,0,1,0,0,0,0,0,0,1,0
1.0,10,15.0,84,1,0,0,0,0,0,1,0,0,0,0,0,0,1
1.0,23,4.0,28,1,0,0,0,0,0,0,0,0,0,1,0,0,1
1.0,5,6.0,31,1,0,0,0,0,0,0,0,1,0,0,0,0,1
1.0,8,12.0,28,0,0,1,1,0,0,0,0,0,0,0,0,0,1
1.0,1,2.0,21,1,0,0,1,0,0,0,0,0,0,0,0,0,1
1.0,20,8.0,0,0,0,0,1,0,0,0,0,0,0,0,0,0,1
1.0,6,10.0,41,1,0,0,0,0,0,0,0,1,0,0,0,0,1
1.0,0,15.0,28,1,0,0,1,0,0,0,0,0,0,0,0,0,1
1.0,3,15.0,26,1,0,0,0,0,0,0,0,1,0,0,0,0,1
1.0,5,8.0,22,1,0,0,0,0,0,0,0,1,0,0,0,0,1
1.0,4,1.0,33,1,0,0,0,0,0,0,0,0,0,1,0,0,1
1.0,19,3.0,36,0,1,0,1,0,0,0,0,0,0,0,0,0,1
1.0,1,12.0,30,1,0,0,0,0,0,0,0,1,0,0,0,0,1
1.0,15,5.0,0,0,1,0,0,0,1,0,0,0,0,0,0,1,0
1.0,5,3.0,39,0,1,0,0,0,0,0,0,1,0,0,0,0,1
1.0,12,13.0,68,1,0,0,0,0,0,0,0,0,0,0,0,0,1
1.0,9,4.0,24,0,0,0,0,0,1,0,0,0,0,0,0,0,1
1.0,16,9.0,5,1,0,0,0,0,1,0,0,0,0,0,0,0,1
1.0,3,8.0,37,0,0,1,0,0,0,0,0,0,1,0,0,0,1
1.0,2,4.0,36,0,0,0,0,0,0,0,0,1,0,0,0,0,1
1.0,15,12.0,19,0,0,1,0,0,1,0,0,0,0,0,0,1,0
1.0,17,7.0,0,1,0,0,0,0,0,0,0,0,0,1,0,0,1
1.0,18,7.0,26,1,0,0,1,0,0,0,0,0,0,0,0,0,1
1.0,18,4.0,36,0,1,0,0,0,0,0,0,0,0,1,0,0,1
1.0,10,1.0,68,1,0,0,0,0,1,0,0,0,0,0,0,1,0
1.0,19,13.0,60,0,0,0,0,0,0,1,0,0,0,0,0,0,1
1.0,17,5.0,33,0,0,0,0,0,0,0,0,1,0,0,0,0,1
1.0,14,4.0,26,1,0,0,0,0,1,0,0,0,0,0,0,1,0
1.0,9,8.0,24,1,0,0,0,0,1,0,0,0,0,0,0,0,1
1.0,6,11.0,36,0,0,1,0,0,0,0,0,1,0,0,0,0,1
1.0,7,13.0,58,1,0,0,0,0,0,0,0,0,0,1,0,1,0
1.0,11,14.0,44,1,0,0,0,0,1,0,0,0,0,0,0,1,0
1.0,12,9.0,86,1,0,0,1,0,0,0,0,0,0,0,0,0,1
1.0,5,13.0,27,0,0,1,1,0,0,0,0,0,0,0,0,0,1
1.0,8,14.0,75,1,0,0,0,0,0,0,0,0,0,1,0,0,1
1.0,5,9.0,39,1,0,0,0,0,0,0,0,0,0,1,0,0,1
1.0,18,9.0,50,1,0,0,1,0,0,0,0,0,0,0,0,0,1
1.0,2,9.0,21,1,0,0,0,0,0,0,0,1,0,0,0,0,1
1.0,17,4.0,22,0,0,0,0,0,0,0,1,0,0,0,0,0,1
1.0,2,15.0,20,1,0,0,0,0,0,0,0,1,0,0,0,0,1
1.0,16,4.0,59,1,0,0,1,0,0,0,0,0,0,0,0,0,1
1.0,9,12.0,44,1,0,0,1,0,0,0,0,0,0,0,0,0,1
1.0,20,8.0,74,1,0,0,1,0,0,0,0,0,0,0,0,0,1
1.0,13,13.0,56,1,0,0,0,0,0,0,0,0,0,1,0,0,1
1.0,19,4.0,73,1,0,0,0,0,1,0,0,0,0,0,0,0,1
1.0,5,8.0,19,0,0,1,0,0,0,0,0,1,0,0,0,1,0
1.0,12,15.0,58,1,0,0,0,1,0,0,0,0,0,0,0,0,1
1.0,14,4.0,41,0,1,0,0,0,1,0,0,0,0,0,0,0,1
1.0,12,3.0,47,1,0,0,0,0,1,0,0,0,0,0,0,0,1
1.0,23,4.0,60,1,0,0,1,0,0,0,0,0,0,0,0,0,1
1.0,23,2.0,46,0,0,0,0,0,0,0,0,1,0,0,0,0,1
1.0,0,12.0,24,0,0,1,1,0,0,0,0,0,0,0,0,0,1
1.0,1,3.0,44,1,0,0,0,0,0,0,0,1,0,0,0,1,0
1.0,12,5.0,80,1,0,0,0,0,0,0,0,0,0,1,0,1,0
1.0,9,4.0,55,1,0,0,0,0,1,0,0,0,0,0,0,1,0
1.0,7,4.0,73,1,0,0,0,0,1,0,0,0,0,0,0,0,1
1.0,4,7.0,31,1,0,0,1,0,0,0,0,0,0,0,0,1,0
1.0,20,9.0,37,0,0,1,0,0,1,0,0,0,0,0,0,0,1
1.0,8,6.0,63,1,0,0,0,0,0,0,0,0,0,1,0,1,0
1.0,20,11.0,59,1,0,0,0,0,0,0,0,0,0,1,0,0,1
1.0,9,1.0,27,0,0,0,0,0,0,0,0,1,0,0,0,0,1
1.0,6,11.0,39,1,0,0,0,0,0,0,0,1,0,0,0,0,1
1.0,17,14.0,17,1,0,0,1,0,0,0,0,0,0,0,0,0,1
1.0,8,8.0,31,1,0,0,0,0,1,0,0,0,0,0,0,0,1
1.0,16,3.0,88,0,1,0,0,0,0,1,0,0,0,0,0,0,1
1.0,19,2.0,57,1,0,0,1,0,0,0,0,0,0,0,0,1,0
1.0,12,2.0,76,1,0,0,1,0,0,0,0,0,0,0,0,1,0
1.0,15,12.0,55,0,0,1,0,0,0,0,1,0,0,0,0,0,1
1.0,14,1.0,65,0,1,0,0,0,1,0,0,0,0,0,0,0,1
1.0,6,7.0,31,1,0,0,0,0,0,0,0,1,0,0,0,0,1
1.0,7,6.0,31,1,0,0,0,0,1,0,0,0,0,0,0,1,0
1.0,6,6.0,22,1,0,0,0,0,0,0,0,0,0,1,0,0,1
1.0,3,3.0,0,0,1,0,1,0,0,0,0,0,0,0,0,0,1
1.0,16,1.0,32,1,0,0,1,0,0,0,0,0,0,0,0,0,1
1.0,13,4.0,26,0,0,0,0,0,1,0,0,0,0,0,0,0,1
1.0,4,3.0,38,0,0,0,1,0,0,0,0,0,0,0,0,0,1
1.0,0,13.0,30,1,0,0,1,0,0,0,0,0,0,0,0,0,1
1.0,3,9.0,32,1,0,0,0,0,0,0,0,1,0,0,0,0,1
1.0,18,12.0,49,0,0,1,0,0,0,0,0,1,0,0,0,0,1
1.0,10,6.0,75,1,0,0,0,0,0,0,0,0,0,1,0,0,1
1.0,11,1.0,73,0,1,0,0,1,0,0,0,0,0,0,0,1,0
1.0,15,13.0,45,0,1,0,1,0,0,0,0,0,0,0,0,0,1
1.0,1,11.0,41,1,0,0,1,0,0,0,0,0,0,0,0,0,1
1.0,11,1.0,73,1,0,0,0,0,0,0,0,0,0,1,0,0,1
1.0,23,10.0,24,0,1,0,1,0,0,0,0,0,0,0,0,0,1
1.0,6,3.0,50,1,0,0,1,0,0,0,0,0,0,0,0,1,0
1.0,17,7.0,18,1,0,0,1,0,0,0,0,0,0,0,0,1,0
1.0,1,9.0,43,0,0,0,1,0,0,0,0,0,0,0,0,1,0
1.0,0,11.0,27,1,0,0,0,0,1,0,0,0,0,0,0,0,1
1.0,10,9.0,60,1,0,0,0,0,1,0,0,0,0,0,0,0,1
1.0,6,1.0,53,0,1,0,1,0,0,0,0,0,0,0,0,0,1
